vaccinateddose1ratio,vaccinateddose2ratio
0.3201057424005608,0.09066987567849584
