vaccinationratio,populationratio,ratioofratios
0.8876484109132751,0.943077679400253,0.941225129490682
